{
    "naive": {
        "slope": 0.3847721774193548,
        "slope_err": 0.0011047190443109688,
        "intercept": 0.9969778225806447,
        "intercept_err": 0.020887663575748346,
        "coeff": 0.9997527648426524
    },
    "fast": {
        "slope": -0.0005784457478005878,
        "slope_err": 0.00010700579242976689,
        "intercept": 1.6314818548387098,
        "intercept_err": 0.0020232302542800814,
        "coeff": 0.4934319292002594
    },
    "bbhash": {
        "slope": 1.5048285714285712,
        "slope_err": 0.19486199240954885,
        "intercept": 30.746285714285722,
        "intercept_err": 1.6591900783882128,
        "coeff": 0.8324900790978005
    }
}