{
    "naive": {
        "slope": 0.36441807184750735,
        "slope_err": 0.0010816843481036844,
        "intercept": 0.9741330645161286,
        "intercept_err": 0.020452131132069493,
        "coeff": 0.9997357544037323
    },
    "fast": {
        "slope": 0.00127401026392962,
        "slope_err": 0.00027558247381555127,
        "intercept": 1.5503225806451613,
        "intercept_err": 0.005210622583248751,
        "coeff": 0.4160228946048287
    }
}