{
    "naive": {
        "slope": 0.18293186813186807,
        "slope_err": 0.007795371930304566,
        "intercept": 1.7701538461538464,
        "intercept_err": 0.06637520023362697,
        "coeff": 0.97867376764758
    },
    "fast": {
        "slope": 0.002701098901098908,
        "slope_err": 0.0008419820091064771,
        "intercept": 1.5920989010989013,
        "intercept_err": 0.00716921847311658,
        "coeff": 0.46167631268062476
    },
    "bbhash": {
        "slope": 1.4998175824175826,
        "slope_err": 0.1955874094118647,
        "intercept": 30.82658241758242,
        "intercept_err": 1.665366781592637,
        "coeff": 0.830514232892873
    }
}