{
    "naive": {
        "slope": 1.4275797287390029,
        "slope_err": 0.07714392597195481,
        "intercept": 3.24340322580645,
        "intercept_err": 1.4586119257314483,
        "coeff": 0.9194522925892952
    },
    "fast": {
        "slope": 0.025436217008797644,
        "slope_err": 0.016302978822422425,
        "intercept": 4.347989919354838,
        "intercept_err": 0.30825135013192817,
        "coeff": 0.07505278439720386
    },
    "bitshift": {
        "slope": 0.02213691348973607,
        "slope_err": 0.017536016415365285,
        "intercept": 4.293834677419355,
        "intercept_err": 0.3315652185315673,
        "coeff": 0.05043981562566118
    }
}