{
    "naive": {
        "slope": 0.3733590542521994,
        "slope_err": 0.0015834151022388208,
        "intercept": 1.05241935483871,
        "intercept_err": 0.029938690861396666,
        "coeff": 0.9994607090025611
    },
    "fast": {
        "slope": -0.0008619868035190624,
        "slope_err": 0.00026360828927603165,
        "intercept": 1.6356915322580645,
        "intercept_err": 0.004984218648652501,
        "coeff": 0.26276512573052246
    },
    "bitshift": {
        "slope": 0.0004426319648093822,
        "slope_err": 0.00038772780729213146,
        "intercept": 1.7921028225806452,
        "intercept_err": 0.007331029585655361,
        "coeff": 0.04163341695792545
    }
}